VPS,IP
server0.nomadat.cloud,209.50.52.248
server1.nomadat.cloud,152.44.44.200
server2.nomadat.cloud,152.44.33.64
mail.heu.mx,152.44.44.40
mail.ugc.mx,152.44.44.229
mail.monteverde.com.mx,209.50.53.177
mail.abcappraisers.com.mx,209.50.54.61
mail.hostify.mx,209.50.60.116
secure.tatuus.nl,94.237.46.90
mail.moetti.com,209.50.56.13
mail.rzconsultoria.com,209.50.60.246
mail.telenetdemexico.com,209.50.60.220
mail.efece.net,209.50.60.126
mail.orangecorp.mx,209.50.60.54
mail.iqfglobal.com,152.44.44.24
mail.genstudio.mx,209.50.60.170
nube.manopco.mx,94.237.44.189
secure.alteacorp.com,152.44.44.149
mail.sercam.mx,209.50.60.43
mail.aslcorporativo.com,209.50.62.67
mail.cervezaminerva.mx,152.44.46.155
mail.agroshields.com,94.237.125.121
mail.moreconsultores.com.mx,209.50.62.98
mail.aw-consulting.com.mx,209.151.153.149
mail.qlgroup.cloud,94.237.108.21
